insert into ti_property(
    property_postalcode,
    property_street,
    property_street2,
    property_city,
    property_building_code,
    property_property_code,
    property_unit_code,
    property_electric_delivery_point,
    property_occupancy,
    property_gaz_delivery_point,
    property_identifiant,
    property_room_number,
    property_cite,
    property_surface,
    property_type)
    values (
      '68600',
      '6RUE JEAN',
      null,
      'CHAZELLES',
      '70',
      '22384',
      '00070',
      null,
      'Vacant',
      null,
      '14532.001',
      null,
      '11637.999',
      null,
      'A'
      );
     insert into ti_property(
    property_postalcode,
    property_street,
    property_street2,
    property_city,
    property_building_code,
    property_property_code,
    property_unit_code,
    property_electric_delivery_point,
    property_occupancy,
    property_gaz_delivery_point,
    property_identifiant,
    property_room_number,
    property_cite,
    property_surface,
    property_type)
    values (
      '56789',
      '2 LE CHANT DES OISEAUX',
      'RTE FLICQUETOT',
      'SASSETARD',
      '2',
      '39381',
      '00002',
      '02 338 929 024 947',
      'Occupé',
      null,
      '22023.001',

      5,
      null,
      '106.25',
      'C'
      );
     insert into ti_property(
    property_postalcode,
    property_street,
    property_street2,
    property_city,
    
    
    property_building_code,
    property_property_code,
    property_unit_code,
    property_electric_delivery_point,
    property_occupancy,
    property_gaz_delivery_point,
    property_identifiant,
    
    property_room_number,
    property_cite,
    property_surface,
    property_type)
    values (
      '33390',
      'MAISON DES ANGES',
      '8 rue du test',
      'BLAYIE',
      '23',
      '20090',
      '00023',
      null,
      'Vacant',
      null,
      '02429.001',

      1,
      '00148.999',
      '16.00',
      '$'
      );
     insert into ti_property(
    property_postalcode,
    property_street,
    property_street2,
    property_city,
    
    
    property_building_code,
    property_property_code,
    property_unit_code,
    property_electric_delivery_point,
    property_occupancy,
    property_gaz_delivery_point,
    property_identifiant,
    
    property_room_number,
    property_cite,
    property_surface,
    property_type)
    values (
      '57100',
      '7 IMPASSE DE LA TOQUENELLE',
      'DONALDVILLE RUE 1',
      'DONALDVILLE',
      '8',
      '20310',
      '00008',
      null,
      'Vacant',
      null,
      '05050.001',

      null,
      '00215.999',
      '126.00',
      'M'
      );
     insert into ti_property(
    property_postalcode,
    property_street,
    property_street2,
    property_city,
    
    
    property_building_code,
    property_property_code,
    property_unit_code,
    property_electric_delivery_point,
    property_occupancy,
    property_gaz_delivery_point,
    property_identifiant,
    
    property_room_number,
    property_cite,
    property_surface,
    property_type)
    values (
      '90889',
      'LE PRE DE LAURENT VOULZY',
      null,
      'SAINT JEAN DE TRUC',
      '3',
      '22423',
      '00003',
      '3',
      'Vacant',
      null,
      '09376.003',

      1,
      '14131.999',
      '119.00',
      'C'
      );
     insert into ti_property(
    property_postalcode,
    property_street,
    property_street2,
    property_city,
    
    
    property_building_code,
    property_property_code,
    property_unit_code,
    property_electric_delivery_point,
    property_occupancy,
    property_gaz_delivery_point,
    property_identifiant,
    
    property_room_number,
    property_cite,
    property_surface,
    property_type)
    values (
      '41110',
      'BROCHE SUPERIEURE',
      null,
      'BAGNARD DE DUPONT',
      '1',
      '22396',
      '00001',
      null,
      'Vacant',
      null,
      '11755.001',

      null,
      '11755.999',
      '.00',
      'N'
      );
     insert into ti_property(
    property_postalcode,
    property_street,
    property_street2,
    property_city,
    
    
    property_building_code,
    property_property_code,
    property_unit_code,
    property_electric_delivery_point,
    property_occupancy,
    property_gaz_delivery_point,
    property_identifiant,
    
    property_room_number,
    property_cite,
    property_surface,
    property_type)
    values (
      '26300',
      'CHEMIN DE MARGUERITE',
      'BAT C RUE V',
      'CHASSENEUIL',
      null,
      '29368',
      '00001',
      null,
      'Vacant',
      null,
      '18413.001',

      null,
      null,
      null,
      'M'
      );
      
insert into
  ti_dico_property_type
values
('!', 'Centre convent');

insert into
  ti_dico_property_type
values
('$', 'Chambre Celib');

insert into
  ti_dico_property_type
values
('&', 'Maison T7');

insert into
  ti_dico_property_type
values
('(', 'Maison T8');

insert into
  ti_dico_property_type
values
(')', 'Maison T9 et +');

insert into
  ti_dico_property_type
values
('{', 'Maison T1');

insert into
  ti_dico_property_type
values
('|', 'Piscine');

insert into
  ti_dico_property_type
values
('}', 'Maison T2');

insert into
  ti_dico_property_type
values
('0', 'Chambre bonne');

insert into
  ti_dico_property_type
values
('1', 'T1 / Studio');

insert into
  ti_dico_property_type
values
('2', 'T2');

insert into
  ti_dico_property_type
values
('3', 'T3');

insert into
  ti_dico_property_type
values
('4', 'T4');

insert into
  ti_dico_property_type
values
('5', 'T5');

insert into
  ti_dico_property_type
values
('6', 'T6');

insert into
  ti_dico_property_type
values
('7', 'T7 et plus');

insert into
  ti_dico_property_type
values
('8', 'Parking double');

insert into
  ti_dico_property_type
values
('9', 'Appartement');

insert into
  ti_dico_property_type
values
('A', 'Maison T3');

insert into
  ti_dico_property_type
values
('B', 'Maison T4');

insert into
  ti_dico_property_type
values
('C', 'Maison T5');

insert into
  ti_dico_property_type
values
('D', 'Maison T6');

insert into
  ti_dico_property_type
values
('E', 'Celib/Foyer');

insert into
  ti_dico_property_type
values
('F', 'Bureau');

insert into
  ti_dico_property_type
values
('G', 'Commerce');

insert into
  ti_dico_property_type
values
('H', 'Local profess');

insert into
  ti_dico_property_type
values
('I', 'Pro/Entpt/PL');

insert into
  ti_dico_property_type
values
('J', 'Spectacle');

insert into
  ti_dico_property_type
values
('K', 'Rie');

insert into
  ti_dico_property_type
values
('L', 'Hotel');

insert into
  ti_dico_property_type
values
('M', 'Inconnu');

insert into
  ti_dico_property_type
values
('N', 'Garage/Box');

insert into
  ti_dico_property_type
values
('O', 'Parking Ext');

insert into
  ti_dico_property_type
values
('P', 'Parking ST');

insert into
  ti_dico_property_type
values
('Q', 'Terrain');

insert into
  ti_dico_property_type
values
('R', 'Cave');

insert into
  ti_dico_property_type
values
('S', 'Archives/Réser');

insert into
  ti_dico_property_type
values
('T', 'Atelier/Activ');

insert into
  ti_dico_property_type
values
('U', 'Panneau Pub');

insert into
  ti_dico_property_type
values
('V', 'Grenier/Cel');

insert into
  ti_dico_property_type
values
('W', 'Antennes');

insert into
  ti_dico_property_type
values
('X', 'Loge');

insert into
  ti_dico_property_type
values
('Y', 'Lot Fictif');

insert into
  ti_dico_property_type
values
('Z', 'Divers');


insert into
  ti_dico_answer_state
values
('G', 'Bon');

insert into
  ti_dico_answer_state
values
('A', 'Moyen');

insert into
  ti_dico_answer_state
values
('D', 'Dégradé');

insert into
  ti_dico_answer_state
values
('U', 'Sans Objet');

insert into
  ti_dico_answer_yesno
values
('Y', 'Oui');

insert into
  ti_dico_answer_yesno
values
('N', 'Non');

insert into
  ti_dico_answer_yesno
values
('U', 'Sans Objet');


insert into
  ti_dico_progress
values
('todo', 'À faire');

insert into
  ti_dico_progress
values
('doing', 'En cours');

insert into
  ti_dico_progress
values
('done', 'Effectué');


insert into
  ti_dico_rentable
values
(
	'I',
	'En l'' état '); 

insert into ti_dico_rentable values('NW', 'Avec travaux d ''embellissement');

insert into
  ti_dico_rentable
values
('NHW', 'Avec travaux lourds');

insert into
  ti_dico_visit_status
values
('check-parent', 'Voir lot parent');

insert into
  ti_dico_visit_status
values
('end-management', 'Fin de gestion');

insert into
  ti_dico_visit_status
values
('occupied', 'Occupé');
  
INSERT INTO ti_roles(role_name) VALUES('ROLE_USER');
INSERT INTO ti_roles(role_name) VALUES('ROLE_MODERATOR');
INSERT INTO ti_roles(role_name) VALUES('ROLE_ADMIN');


INSERT INTO `ti_user` (`user_id`, `user_email`, `user_enabled`, `user_firstname`, `user_fullname`, `user_lastname`, `user_password`, `user_refreshtoken`, `user_refreshtoken_createdat`, `user_token`, `user_username`) VALUES
(1, 'admin@demo-api.com', NULL, NULL, NULL, NULL, '$2a$10$eE5ddV17BVLDGIjbwHlyyODtcpFdqzpad1d08HtWMSJPZ.06h.oC6', NULL, NULL, NULL, 'admin');

INSERT INTO `ti_user` (`user_id`, `user_email`, `user_enabled`, `user_firstname`, `user_fullname`, `user_lastname`, `user_password`, `user_refreshtoken`, `user_refreshtoken_createdat`, `user_token`, `user_username`) VALUES
(2, 'user1@demo-api.com', NULL, NULL, NULL, NULL, '$2a$10$eE5ddV17BVLDGIjbwHlyyODtcpFdqzpad1d08HtWMSJPZ.06h.oC6', NULL, NULL, NULL, 'user1');

INSERT INTO `ti_user` (`user_id`, `user_email`, `user_enabled`, `user_firstname`, `user_fullname`, `user_lastname`, `user_password`, `user_refreshtoken`, `user_refreshtoken_createdat`, `user_token`, `user_username`) VALUES
(3, 'user2@demo-api.com', NULL, NULL, NULL, NULL, '$2a$10$eE5ddV17BVLDGIjbwHlyyODtcpFdqzpad1d08HtWMSJPZ.06h.oC6', NULL, NULL, NULL, 'user2');

INSERT INTO `ti_user` (`user_id`, `user_email`, `user_enabled`, `user_firstname`, `user_fullname`, `user_lastname`, `user_password`, `user_refreshtoken`, `user_refreshtoken_createdat`, `user_token`, `user_username`) VALUES
(4, 'user3@demo-api.com', NULL, NULL, NULL, NULL, '$2a$10$eE5ddV17BVLDGIjbwHlyyODtcpFdqzpad1d08HtWMSJPZ.06h.oC6', NULL, NULL, NULL, 'user3');

INSERT INTO `ti_user` (`user_id`, `user_email`, `user_enabled`, `user_firstname`, `user_fullname`, `user_lastname`, `user_password`, `user_refreshtoken`, `user_refreshtoken_createdat`, `user_token`, `user_username`) VALUES
(5, 'user4@demo-api.com', NULL, NULL, NULL, NULL, '$2a$10$eE5ddV17BVLDGIjbwHlyyODtcpFdqzpad1d08HtWMSJPZ.06h.oC6', NULL, NULL, NULL, 'user4');

INSERT INTO `ti_user` (`user_id`, `user_email`, `user_enabled`, `user_firstname`, `user_fullname`, `user_lastname`, `user_password`, `user_refreshtoken`, `user_refreshtoken_createdat`, `user_token`, `user_username`) VALUES
(6, 'user5@demo-api.com', NULL, NULL, NULL, NULL, '$2a$10$eE5ddV17BVLDGIjbwHlyyODtcpFdqzpad1d08HtWMSJPZ.06h.oC6', NULL, NULL, NULL, 'user5');

INSERT INTO `ti_user` (`user_id`, `user_email`, `user_enabled`, `user_firstname`, `user_fullname`, `user_lastname`, `user_password`, `user_refreshtoken`, `user_refreshtoken_createdat`, `user_token`, `user_username`) VALUES
(7, 'user6@demo-api.com', NULL, NULL, NULL, NULL, '$2a$10$eE5ddV17BVLDGIjbwHlyyODtcpFdqzpad1d08HtWMSJPZ.06h.oC6', NULL, NULL, NULL, 'user6');


INSERT INTO `ti_user_roles` (`user_id`, `role_id`) VALUES
(1, 1),
(1, 2),
(1, 3),
(2, 1),
(3, 1),
(4, 1),
(5, 1),
(6, 1),
(7, 1);

INSERT INTO `ti_team` (`team_code`, `team_enabled`, `team_name`) VALUES ('YELLOW', '1', 'Jaune');
INSERT INTO `ti_team` (`team_code`, `team_enabled`, `team_name`) VALUES ('RED', '1', 'Rouge');
INSERT INTO `ti_team` (`team_code`, `team_enabled`, `team_name`) VALUES ('GREEN', '1', 'Vert');
INSERT INTO `ti_team` (`team_code`, `team_enabled`, `team_name`) VALUES ('BLUE', '1', 'Bleu');

INSERT INTO `ti_user_team` (`user_id`, `team_id`) VALUES
(2, 4),
(3, 2),
(4, 3),
(5, 3),
(6, 3),
(7, 3);

INSERT INTO `ti_property_team` (`property_id`, `team_id`) VALUES
(1, 1),
(2, 1),
(3, 1),
(1, 2),
(2, 2),
(3, 2),
(1, 3),
(2, 3),
(3, 3),
(4, 4),
(5, 4),
(6, 4);

INSERT INTO `ti_section` (`section_generic`, `section_name`) VALUES ('0', 'Clos et couvert');
INSERT INTO `ti_section` (`section_generic`, `section_name`) VALUES ('0', 'Extérieur');
INSERT INTO `ti_section` (`section_generic`, `section_name`) VALUES ('0', 'Contrôle visuel');
INSERT INTO `ti_section` (`section_generic`, `section_name`) VALUES ('0', 'Fluides');
INSERT INTO `ti_section` (`section_generic`, `section_name`) VALUES ('0', 'Contrôle technique');
INSERT INTO `ti_section` (`section_generic`, `section_name`) VALUES ('1', 'Autres points de contrôle');

INSERT INTO `ti_intervention_point` (`intervention_point_answertype`, `intervention_point_label`, `intervention_point_position`, `intervention_point_section_id`) VALUES 
('answer_state', 'Sécurisation du logement', '1', '1'), 
('answer_state', 'Façades', '2', '1'), 
('answer_state', 'Couverture / zinguerie', '3', '1'),
('answer_state', 'Menuiseries extérieures', '4', '2'),
('answer_state', 'Espaces verts / Jardin', '5', '2'),
('answer_state', 'Clôture / Portillon', '6', '2'),
('answer_state', 'Etat de propreté du logement', '7', '3'),
('answer_state', 'Lots annexes', '8', '3'),
('answer_yesno', 'Alimentation électrique', '9', '4'),
('answer_yesno', 'Alimentation gaz', '10', '4'),
('answer_yesno', 'Alimentation eau', '11', '4'),
('answer_yesno', 'Hors Gel du logement', '12', '4'),
('answer_yesno', 'Fonctionnement PAC', '13', '5'),
('answer_yesno', 'Fonctionnement VMC', '14', '5'),
('answer_yesno', 'Fonctionnement DAAF', '15', '5'),
('answer_yesno', 'Absence de fuite (Contrôle visuel)', '16', '5'),
('answer_yesno', 'Fonctionnement Pompe Relevage', '17', '5'),
('answer_yesno', 'Mise en eau des sanitaires', '18', '5');

INSERT INTO `ti_visit` (`visit_created_at`, `visit_rentable`, `visit_work_to_be_planned`, `visit_property_id`, `visit_user_id`) VALUES (now(), 'I', 'Y', '1', '2');
INSERT INTO `ti_visit` (`visit_created_at`, `visit_rentable`, `visit_work_to_be_planned`, `visit_property_id`, `visit_user_id`) VALUES (now(), 'I', 'Y', '1', '2');

INSERT INTO `ti_control` (`control_status`, `control_answer`, `control_intervention_point_id`, `control_visit_id`) VALUES
('todo', 'Y', 1, 1),
('done', 'Y', 2, 1),
('done', 'Y', 3, 1),
('done', 'Y', 4, 1),
('todo', 'Y', 1, 1),
('done', 'Y', 1, 1),
('done', 'Y', 1, 1),
('done', 'Y', 1, 1),
('done', 'Y', 1, 1),
('done', 'Y', 1, 1),
('done', 'Y', 1, 1),
('done', 'Y', 1, 1),
('done', 'Y', 1, 1),
('done', 'Y', 1, 1),
('done', 'Y', 1, 1),
('done', 'Y', 1, 1),
('done', 'Y', 1, 1),
('done', 'Y', 1, 1),
('todo', 'Y', 1, 2),
('done', 'Y', 2, 2),
('done', 'Y', 3, 2),
('done', 'Y', 4, 2),
('todo', 'Y', 1, 2),
('done', 'Y', 1, 2),
('done', 'Y', 1, 2),
('done', 'Y', 1, 2),
('done', 'Y', 1, 2),
('done', 'Y', 1, 2),
('done', 'Y', 1, 2),
('done', 'Y', 1, 2),
('done', 'Y', 1, 2),
('done', 'Y', 1, 2),
('done', 'Y', 1, 2),
('done', 'Y', 1, 2),
('done', 'Y', 1, 2),
('done', 'Y', 1, 2);


INSERT INTO `ti_comment` (`comment_created_at`, `comment_text`, `comment_user_id`, `comment_control_id`) VALUES
(now(), 'ras', 1, 1),
(now(), 'bof', 1, 2),
(now(), 'po terrib', 1, 2),
(now(), 'bof', 1, 3),
(now(), 'po terrib', 1, 3),
(now(), 'bof', 1, 4),
(now(), 'po terrib', 1, 4),
(now(), 'bof', 1, 5),
(now(), 'po terrib', 1, 5),
(now(), 'bof', 1, 6),
(now(), 'po terrib', 1, 6),
(now(), 'bof', 1, 7),
(now(), 'po terrib', 1, 7),
(now(), 'bof', 1, 8),
(now(), 'po terrib', 1, 8),
(now(), 'bof', 1, 9),
(now(), 'po terrib', 1, 9),
(now(), 'bof', 1, 10),
(now(), 'po terrib', 1, 10),
(now(), 'bof', 1, 11),
(now(), 'po terrib', 1, 11),
(now(), 'bof', 1, 12),
(now(), 'po terrib', 1, 12),
(now(), 'bof', 1, 13),
(now(), 'po terrib', 1, 13),
(now(), 'bof', 1, 14),
(now(), 'po terrib', 1, 14),
(now(), 'bof', 1, 15),
(now(), 'po terrib', 1, 15),
(now(), 'bof', 1, 16),
(now(), 'po terrib', 1, 16),
(now(), 'bof', 1, 17),
(now(), 'po terrib', 1, 17),
(now(), 'bof', 1, 18),
(now(), 'po terrib', 1, 18),
(now(), 'ras', 1, 19),
(now(), 'bof', 1, 20),
(now(), 'po terrib', 1, 20),
(now(), 'bof', 1, 21),
(now(), 'po terrib', 1, 21),
(now(), 'bof', 1, 22),
(now(), 'po terrib', 1, 22),
(now(), 'bof', 1, 23),
(now(), 'po terrib', 1, 23),
(now(), 'bof', 1, 24),
(now(), 'po terrib', 1, 24),
(now(), 'bof', 1, 25),
(now(), 'po terrib', 1, 25),
(now(), 'bof', 1, 26),
(now(), 'po terrib', 1, 26),
(now(), 'bof', 1, 27),
(now(), 'po terrib', 1, 27),
(now(), 'bof', 1, 28),
(now(), 'po terrib', 1, 28),
(now(), 'bof', 1, 29),
(now(), 'po terrib', 1, 29),
(now(), 'bof', 1, 30),
(now(), 'po terrib', 1, 30),
(now(), 'bof', 1, 31),
(now(), 'po terrib', 1, 31),
(now(), 'bof', 1, 32),
(now(), 'po terrib', 1, 32),
(now(), 'bof', 1, 33),
(now(), 'po terrib', 1, 33),
(now(), 'bof', 1, 34),
(now(), 'po terrib', 1, 34),
(now(), 'bof', 1, 35),
(now(), 'po terrib', 1, 35),
(now(), 'bof', 1, 36),
(now(), 'po terrib', 1, 36);